"","gamma","cost","errors"
"1",0.0078125,0.0625,0.125198055689775
"2",0.25,0.125,0.127433107136055
"3",0.00390625,0.03125,0.1250411422078
"4",0.015625,2,0.132292015848106
"5",0.015625,0.125,0.127433107136051
"6",0.0009765625,0.03125,0.125041142207799
"7",0.03125,0.5,0.130122535393008
"8",0.0625,1,0.13187270221689
"9",0.0078125,2,0.132292015848087
"10",0.5,2,0.132292015848069
